﻿Collection,Supplement?,RecoveryDate,ReturnYear,SampledRun,Insample,SampleNumber,HeadTagNumber,CWTcode,KnownAge,ReadAge,Reader,ReadDate,ReaderComments,BroodYear,Hallprint,Sex,ForkLength_mm,Grilse,Condition,AdClip,Comments,SampleRate,Run,RunName,StockName,Hatchery,Sampler,EntryDate,Entry,ReleaseSite,Release Date,ProductionFactor,Tagged,ReleaseDate2,NumShedTag,NumUntagged,Species,SpeciesName,Agency
Butte10,N,30-Sep-10,2010,1,Y,62411,9301004,0602010402,4,3,JT,20170330,,2006,,F,781,,,,AD-CLIP,0,1,Spring,Butte Cree,,,  -   -,,Baldwin Co,,1.02,10568,,0,0,1,,
Butte10,N,07-Oct-10,2010,1,Y,79018,10071004,0602010307,4,4,JT,20170330,,2006,,F,901,,,,AD-CLIP,0,1,Spring,Butte Cree,,,  -   -,,Baldwin Co,,1.01,10505,,0,0,1,,
Butte10,N,07-Oct-10,2010,1,Y,62495,10071003,0602010304,4,0,JT,20170330,,2006,,M,725,,,,AD-CLIP,0,1,Spring,Butte Cree,,,  -   -,,Baldwin Co,,1.02,10506,,0,0,1,,
Butte10,N,23-Sep-10,2010,1,Y,62366,9231001,068009,3,2,JT,20170330,,2007,,M,716,,,,AD-CLIP,0,1,Spring,Feather Ri,Feather R,,  -   -,,San Pablo,,1.02,1127997,,0,0,1,,
Butte10,N,28-Sep-10,2010,1,Y,62372,9281001,068009,3,3,JT,20170330,,2007,,F,660,,,,AD-CLIP,0,1,Spring,Feather Ri,Feather R,,  -   -,,San Pablo,,1.02,1127997,,0,0,1,,
Butte10,N,30-Sep-10,2010,1,Y,62413,9301002,068009,3,3,JT,20170330,,2007,,M,840,,,,AD-CLIP,0,1,Spring,Feather Ri,Feather R,,  -   -,,San Pablo,,1.02,1127997,,0,0,1,,
Butte10,N,30-Sep-10,2010,1,Y,62415,9301003,068009,3,3,JT,20170330,,2007,,M,803,,,,AD-CLIP,0,1,Spring,Feather Ri,Feather R,,  -   -,,San Pablo,,1.02,1127997,,0,0,1,,
Butte10,N,05-Oct-10,2010,1,Y,62426,10051001,068009,3,3,JT,20170330,,2007,,F,751,,,,AD-CLIP,0,1,Spring,Feather Ri,Feather R,,  -   -,,San Pablo,,1.02,1127997,,0,0,1,,
Butte10,N,07-Oct-10,2010,1,Y,62482,10071001,0602010407,3,3,JT,20170330,,2007,,F,603,,,,AD-CLIP,0,1,Spring,Butte Cree,,,  -   -,,Baldwin Co,,1.01,11307,,0,0,1,,
Butte10,N,07-Oct-10,2010,1,Y,62486,10071002,068009,3,3,JT,20170330,,2007,,F,783,,,,AD-CLIP,0,1,Spring,Feather Ri,Feather R,,  -   -,,San Pablo,,1.02,1127997,,0,0,1,,
Butte10,N,07-Oct-10,2010,1,Y,79023,10071005,068009,3,3,JT,20170330,,2007,,F,668,,,,AD-CLIP,0,1,Spring,Feather Ri,Feather R,,  -   -,,San Pablo,,1.02,1127997,,0,0,1,,
Butte10,N,08-Oct-10,2010,1,Y,79021,10081001,0602010508,3,3,JT,20170330,,2007,,M,725,,,,AD-CLIP,0,1,Spring,Butte Cree,,,  -   -,,Baldwin Co,,1.01,11364,,0,0,1,,
Butte10,N,14-Oct-10,2010,1,Y,79039,10141001,062474,3,3,JT,20170330,,2007,,M,812,,,,AD-CLIP,0,1,Spring,Feather Ri,Feather R,,  -   -,,Wickland O,,1.03,114483,,0,0,1,,
Butte10,N,15-Oct-10,2010,1,Y,79029,10151001,068009,3,3,JT,20170330,,2007,,M,770,,,,AD-CLIP,0,1,Spring,Feather Ri,Feather R,,  -   -,,San Pablo,,1.02,1127997,,0,0,1,,